,weather,pivot,candidates
0,warm,"Tripoli, Libya","Tunis, Tunisia; Marrakech, Morocco; Algiers, Algeria; Cairo, Egypt; Baghdad, Iraq; Sana'a, Yemen; Amman, Jordan; Casablanca, Morocco; Doha, Qatar; Dubai, United Arab Emirates; Muscat, Oman; Manama, Bahrain; Alexandria, Egypt; Jeddah, Saudi Arabia; Erbil, Iraq; Abu Dhabi, United Arab Emirates; Kuwait City, Kuwait; Tripoli, Lebanon; Rabat, Morocco; Mogadishu, Somalia"
1,warm,"Vientiane, Laos","Hanoi, Vietnam; Siem Reap, Cambodia; Bangkok, Thailand; Mandalay, Myanmar; Chiang Mai, Thailand; Phnom Penh, Cambodia; Luang Prabang, Laos; Kuala Lumpur, Malaysia; Yangon, Myanmar; Da Nang, Vietnam; Ho Chi Minh City, Vietnam; Kota Kinabalu, Malaysia; Ha Long, Vietnam; Phuket, Thailand; Nha Trang, Vietnam; Hue, Vietnam; Sihanoukville, Cambodia; Udon Thani, Thailand; Vang Vieng, Laos; Battambang, Cambodia"
2,warm,"Suva, Fiji","Apia, Samoa; Port Vila, Vanuatu; Honiara, Solomon Islands; Nuku'alofa, Tonga; Avarua, Cook Islands; Pago Pago, American Samoa; Funafuti, Tuvalu; Dili, East Timor; Bora Bora, French Polynesia; Apia, Samoa; Rarotonga, Cook Islands; Tarawa, Kiribati; Majuro, Marshall Islands; Kavieng, Papua New Guinea; Port Moresby, Papua New Guinea; Nadi, Fiji; Labasa, Fiji; Lautoka, Fiji; Savusavu, Fiji; Taveuni"
3,warm,"La Paz, Mexico","Cancun, Mexico; Cabo San Lucas, Mexico; Mazatlan, Mexico; San Cristobal de las Casas, Mexico; Oaxaca City, Mexico; Merida, Mexico; Guanajuato, Mexico; Puerto Vallarta, Mexico; San Juan del Sur, Nicaragua; Quito, Ecuador; Guayaquil, Ecuador; Lima, Peru; Valparaiso, Chile; Bogota, Colombia; San Jose, Costa Rica; Havana, Cuba; Panama City, Panama; Santo Domingo, Dominican Republic; San Salvador, El Salvador; Georgetown, Guyana"
4,warm,"Garissa, Kenya","Mombasa, Kenya; Lamu, Kenya; Wajir, Kenya; Kisumu, Kenya; Nairobi, Kenya; Eldoret, Kenya; Marsabit, Kenya; Isiolo, Kenya; Mogadishu, Somalia; Zanzibar, Tanzania; Mogadishu, Somalia; Kigali, Rwanda; Kampala, Uganda; Addis Ababa, Ethiopia; Dar es Salaam, Tanzania; Malindi, Kenya; Kilimanjaro, Tanzania; Djibouti City, Djibouti; Hargeisa, Somalia; Musoma, Tanzania"
5,warm,"Ho Chi Minh City, Vietnam","Hanoi, Vietnam; Bangkok, Thailand; Siem Reap, Cambodia; Singapore, Singapore; Manila, Philippines; Phuket, Thailand; Vientiane, Laos; Johor Bahru, Malaysia; Kuala Lumpur, Malaysia; Da Nang, Vietnam; Ha Long, Vietnam; Kota Kinabalu, Malaysia; Sihanoukville, Cambodia; Chiang Mai, Thailand; Langkawi, Malaysia; Da Lat, Vietnam; Kuching, Malaysia; Hpa-An, Myanmar; Ubud, Indonesia; Luang Prabang, Laos"
6,warm,"Brasília, Brazil","Quito, Ecuador; San Jose, Costa Rica; La Paz, Bolivia; Asuncion, Paraguay; Caracas, Venezuela; Bogota, Colombia; Lima, Peru; Santiago, Chile; Buenos Aires, Argentina; Managua, Nicaragua; Montevideo, Uruguay; Guatemala City, Guatemala; San Salvador, El Salvador; Panama City, Panama; Mexico City, Mexico; Kingston, Jamaica; Havana, Cuba; San Juan, Puerto Rico; Santo Domingo, Dominican Republic; Port of Spain, Trinidad and Tobago"
7,warm,"Makassar, Indonesia","Bandar Seri Begawan, Brunei ; Kota Kinabalu, Malaysia ; Phnom Penh, Cambodia ; Vientiane, Laos ; Siem Reap, Cambodia ; Ho Chi Minh City, Vietnam ; Davao City, Philippines ; Yangon, Myanmar ; Hanoi, Vietnam ; Malacca, Malaysia ; Bangkok, Thailand ; Jakarta, Indonesia ; Denpasar, Indonesia ; Singapura, Singapore ; Surabaya, Indonesia ; Manila, Philippines ; Macau, China ; Pattaya, Thailand ; Hong Kong, China ; Taipei, Taiwan"
8,warm,"Brisbane, Australia","Cairns, Australia ; Townsville, Australia ; Darwin, Australia ; Sydney, Australia ; Gold Coast, Australia ; Auckland, New Zealand ; Sunshine Coast, Australia ; San Francisco, USA ; Los Angeles, USA ; Honolulu, USA ; Melbourne, Australia ; Perth, Australia ; Yokohama, Japan ; Manila, Philippines ; San Diego, USA ; Mazatlán, Mexico ; Rio de Janeiro, Brazil ; Cape Town, South Africa ; Hobart, Australia ; Valencia, Spain"
9,warm,"Hat Yai, Thailand","Phuket, Thailand; Kota Kinabalu, Malaysia; Singapore, Singapore; Ho Chi Minh City, Vietnam; Manila, Philippines; Siem Reap, Cambodia; Yangon, Myanmar; Kuala Lumpur, Malaysia; Langkawi, Malaysia; Da Nang, Vietnam; Penang, Malaysia; Ubud, Indonesia; Malacca, Malaysia; Chiang Mai, Thailand; Sihanoukville, Cambodia; Vientiane, Laos; Surat Thani, Thailand; Hanoi, Vietnam; Bangkok, Thailand; Pattaya, Thailand"
10,warm,"Mombasa, Kenya","Zanzibar, Tanzania; Dar es Salaam, Tanzania; Lamu, Kenya; Nairobi, Kenya; Maputo, Mozambique; Zanzibar City, Tanzania; Mtwara, Tanzania; Arusha, Tanzania; Kilifi, Kenya; Kisumu, Kenya; Tanga, Tanzania; Masai Mara, Kenya; Lamu Island, Kenya; Malindi, Kenya; Diani Beach, Kenya; Taveta, Kenya; Inhambane, Mozambique; Mombasa Island, Kenya; Watamu, Kenya; Malawi, Mozambique"
11,warm,"Makurdi, Nigeria","Agadir, Morocco; Marrakech, Morocco; Algiers, Algeria; Fes, Morocco; Accra, Ghana; Ouagadougou, Burkina Faso; Takoradi, Ghana; Kano, Nigeria; Ibadan, Nigeria; Abidjan, Cote d'Ivoire; Kumasi, Ghana; Lomé, Togo; Niamey, Niger; Dakar, Senegal; Ouahigouya, Burkina Faso; Bamako, Mali; Zinder, Niger; Bobo-Dioulasso, Burkina Faso; Banjul, Gambia; Kaduna, Nigeria"
12,warm,"Thiès, Senegal","Dakar, Senegal; Banjul, Gambia; Nouakchott, Mauritania; Abidjan, Ivory Coast; Accra, Ghana; Monrovia, Liberia; Freetown, Sierra Leone; Bamako, Mali; Conakry, Guinea; Lomé, Togo; Luanda, Angola; Porto-Novo, Benin; Yaoundé, Cameroon; Bissau, Guinea-Bissau; Libreville, Gabon; Malabo, Equatorial Guinea; Kinshasa, Democratic Republic of the Congo; Brazzaville, Republic of the Congo; N’Djamena, Chad; Niame"
13,warm,"Abéché, Chad","Ouagadougou, Burkina Faso; N'Djamena, Chad; Ouahigouya, Burkina Faso; Fada Ngourma, Burkina Faso; Atar, Mauritania; Agadez, Niger; Maradi, Niger; Kano, Nigeria; Zinder, Niger; Kankan, Guinea; Banjul, Gambia; Timbuktu, Mali; Kumasi, Ghana; Niamey, Niger; Bobo Dioulasso, Burkina Faso; Niakhar, Senegal; Kaolack, Senegal; Bolgatanga, Ghana; Birnin Kebbi, Nigeria; Nga"
14,warm,"Dar es Salaam, Tanzania","Mombasa, Kenya; Kigali, Rwanda; Maputo, Mozambique; Lilongwe, Malawi; Nairobi, Kenya; Kampala, Uganda; Gaborone, Botswana; Bujumbura, Burundi; Beira, Mozambique; Blantyre, Malawi; Lusaka, Zambia; Yaoundé, Cameroon; Mogadishu, Somalia; Addis Ababa, Ethiopia; Libreville, Gabon; Antananarivo, Madagascar; Windhoek, Namibia; Brazzaville, Congo; Lomé, Togo; Accra, Ghana"
15,warm,"Guadalajara, Mexico","San Miguel de Allende, Mexico; Querétaro, Mexico; Oaxaca, Mexico; Austin, Texas, USA; Tucson, Arizona, USA; San Antonio, Texas, USA; Granada, Spain; Barcelona, Spain; Madrid, Spain; Valparaiso, Chile; San Jose, Costa Rica; Medellin, Colombia; Rio de Janeiro, Brazil; Santiago de Compostela, Spain; Havana, Cuba; Marrakech, Morocco; Cusco, Peru; San Salvador, El Salvador; Malaga, Spain; Lima, Peru"
16,warm,"Bamako, Mali","Banjul, Gambia; Ouagadougou, Burkina Faso; Lomé, Togo; Abidjan, Cote d'Ivoire; Accra, Ghana; Dakar, Senegal; Niamey, Niger; Conakry, Guinea; Freetown, Sierra Leone; Nouakchott, Mauritania; Monrovia, Liberia; Libreville, Gabon; Bissau, Guinea-Bissau; Kinshasa, Democratic Republic of the Congo; Yaoundé, Cameroon; Douala, Cameroon; Luanda, Angola; Brazzaville, Congo; N'Djamena, Chad
20."
17,warm,"Rangpur, Bangladesh","Dhaka, Bangladesh; Kathmandu, Nepal; New Delhi, India; Kolkata, India; Varanasi, India; Guwahati, India; Yangon, Myanmar; Islamabad, Pakistan; Lahore, Pakistan; Hyderabad, Pakistan; Chennai, India; Jaipur, India; Lucknow, India; Chittagong, Bangladesh; Patna, India; Agra, India; Sylhet, Bangladesh; Colombo, Sri Lanka; Bhubaneswar, India; Kathmandu, Nepal"
18,warm,"Douala, Cameroon","Buea, Cameroon; Lagos, Nigeria; Freetown, Sierra Leone; Libreville, Gabon; Abidjan, Cote d'Ivoire; Accra, Ghana; Conakry, Guinea; Kinshasa, Democratic Republic of Congo; Douala, Cameroon; Yaounde, Cameroon; Luanda, Angola; Lome, Togo; Cotonou, Benin; Brazzaville, Republic of Congo; Maputo, Mozambique; Bamako, Mali; Dakar, Senegal; Monrovia, Liberia; Port Harcourt, Nigeria; Johannesburg, South Africa"
19,warm,"Lahore, Pakistan","Faisalabad, Pakistan; Islamabad, Pakistan; Karachi, Pakistan; Sargodha, Pakistan; Peshawar, Pakistan; Multan, Pakistan; Quetta, Pakistan; Hyderabad, Pakistan; Rawalpindi, Pakistan; Gujranwala, Pakistan; Jhelum, Pakistan; Sialkot, Pakistan; Lucknow, India; New Delhi, India; Jaipur, India; Agra, India; Kathmandu, Nepal; Dhaka, Bangladesh; Yangon, Myanmar; Colombo, Sri Lanka"
20,warm,"Pontianak, Indonesia","Kota Kinabalu, Malaysia; Kuching, Malaysia; Phnom Penh, Cambodia; Vientiane, Laos; Hanoi, Vietnam; Ho Chi Minh City, Vietnam; Yangon, Myanmar; Siem Reap, Cambodia; Bangkok, Thailand; Kuala Lumpur, Malaysia; Manilla, Philippines; Cebu, Philippines; Davao, Philippines; Singapore, Singapore; Denpasar, Bali, Indonesia; Surabaya, Indonesia; Jakarta, Indonesia; Bandar Seri Begawan, Brunei; Malacca, Malaysia; Kota Bharu, Malaysia"
21,warm,"Cotonou, Benin","Abuja, Nigeria ; Accra, Ghana; Lagos, Nigeria; Dakar, Senegal; Abidjan, Ivory Coast; Monrovia, Liberia; Kano, Nigeria; Yaounde, Cameroon; Santa Cruz, Bolivia; Freetown, Sierra Leone; Kigali, Rwanda; Asuncion, Paraguay; Luanda, Angola; Douala, Cameroon; Brazzaville, Congo; Libreville, Gabon; Addis Ababa, Ethiopia; Malabo, Equatorial Guinea; Lome, Togo; Maputo, Mozambique"
22,warm,"Kampala, Uganda","Nairobi, Kenya; Mombasa, Kenya; Kigali, Rwanda; Dar es Salaam, Tanzania; Addis Ababa, Ethiopia; Juba, South Sudan; Accra, Ghana; Dakar, Senegal; Brazzaville, Congo; Abidjan, Cote d'Ivoire; Bangui, Central African Republic; Kinshasa, Democratic Republic of Congo; Yaoundé, Cameroon; Luanda, Angola; Lomé, Togo; Maputo, Mozambique; Niamey, Niger; Bujumbura, Burundi; Libreville, Gabon; Antananarivo, Madagascar"
23,warm,"San Antonio, United States","Houston, USA; Austin, USA; Dallas, USA; El Paso, USA; San Diego, USA; Phoenix, USA; Tucson, USA; Albuquerque, USA; Las Vegas, USA; San Francisco, USA; Los Angeles, USA; San Juan, Puerto Rico; Cabo San Lucas, Mexico; Cancun, Mexico; Acapulco, Mexico; Montego Bay, Jamaica; Nassau, Bahamas; Barbados; San Jose, Costa Rica; Panama City, Panama"
24,warm,"Jakarta, Indonesia","Bangkok, Thailand; Manila, Philippines; Hanoi, Vietnam; Kuala Lumpur, Malaysia; Ho Chi Minh City, Vietnam; Shenzhen, China; Singapore, Singapore; Guangzhou, China; Surabaya, Indonesia; Yangon, Myanmar; Davao City, Philippines; Phnom Penh, Cambodia; Vientiane, Laos; Haikou, China; Medan, Indonesia; Denpasar, Indonesia; Ulaanbaatar, Mongolia; Penang, Malaysia; Kota Kinabalu, Malaysia; Malacca, Malaysia"
25,warm,"Mumbai, India","Chennai, India; Kolkata, India; Colombo, Sri Lanka; Thiruvananthapuram, India; Hyderabad, India; Dubai, United Arab Emirates; Dhaka, Bangladesh; Karachi, Pakistan; Yangon, Myanmar; Muscat, Oman; Kathmandu, Nepal; Beijing, China; Ho Chi Minh City, Vietnam; Jakarta, Indonesia; Kuala Lumpur, Malaysia; Bangkok, Thailand; Manila, Philippines; Guangzhou, China; Hanoi, Vietnam; Shenzhen, China"
26,warm,"Mandalay, Myanmar","Siem Reap, Cambodia; Chiang Mai, Thailand; Luang Prabang, Laos; Kathmandu, Nepal; Yangon, Myanmar; Bangkok, Thailand; Delft, Netherlands; Granada, Spain; Nice, France; Florence, Italy; Vienna, Austria; Barcelona, Spain; Prague, Czech Republic; Rome, Italy; Munich, Germany; Istanbul, Turkey; Edinburgh, Scotland; Amsterdam, Netherlands; San Francisco, California; London, England"
27,warm,"Nouakchott, Mauritania","Monrovia, Liberia; Asmara, Eritrea; Bamako, Mali; Accra, Ghana; Luanda, Angola; Dakar, Senegal; Abidjan, Ivory Coast; Freetown, Sierra Leone; N'Djamena, Chad; Yaounde, Cameroon; Lagos, Nigeria; Lome, Togo; Kinshasa, Democratic Republic of Congo; Bangui, Central African Republic; Brazzaville, Congo; Libreville, Gabon; Marrakech, Morocco; Agadir, Morocco; Nouadhibou, Mauritania; Porto-Novo, Benin"
28,warm,"Port Sudan, Sudan","Hurghada, Egypt; Marsa Alam, Egypt; Aswan, Egypt; Luxor, Egypt; Khartoum, Sudan; Jeddah, Saudi Arabia; Doha, Qatar; Muscat, Oman; Sana'a, Yemen; Aden, Yemen; Djibouti City, Djibouti; Sana'a, Yemen; Mogadishu, Somalia; Nairobi, Kenya; Addis Ababa, Ethiopia; Mogadishu, Somalia; Tripoli, Libya; Benghazi, Libya; Dubai, United Arab Emirates; Abu Dhabi, United Arab Emirates"
29,warm,"Manaus, Brazil","Quito, Ecuador; San José, Costa Rica; Panama City, Panama; Paramaribo, Suriname; Georgetown, Guyana; Santo Domingo, Dominican Republic; Havana, Cuba; Cusco, Peru; San Salvador, El Salvador; La Paz, Bolivia; Medellin, Colombia; Caracas, Venezuela; Belize City, Belize; Bogota, Colombia; Guayaquil, Ecuador; San Juan, Puerto Rico; Lima, Peru; Guatemala City, Guatemala; Acapulco, Mexico; San Pedro Sula, Honduras"
30,warm,"Cairo, Egypt","Marrakesh, Morocco; Amman, Jordan; Sousse, Tunisia; Beirut, Lebanon; Riyadh, Saudi Arabia; Kuwait City, Kuwait; Dubai, United Arab Emirates; Manama, Bahrain; Jerusalem, Israel; Tel Aviv, Israel; Alexandria, Egypt; Luxor, Egypt; Port Said, Egypt; Aswan, Egypt; Istanbul, Turkey; Benghazi, Libya; Algiers, Algeria; Tunis, Tunisia; Muscat, Oman; Jeddah, Saudi Arabia"
31,warm,"Wau, South Sudan","N'Djamena, Chad; Addis Ababa, Ethiopia; Windhoek, Namibia; Lomé, Togo; Khartoum, Sudan; Kano, Nigeria; Kampala, Uganda; Niamey, Niger; Bamako, Mali; Harare, Zimbabwe; Asmara, Eritrea; Abidjan, Ivory Coast; Libreville, Gabon; Mogadishu, Somalia; Accra, Ghana; Yaoundé, Cameroon; Bujumbura, Burundi; Brazzaville, Republic of the Congo; Juba, South Sudan; Dakar, Senegal"
32,warm,"Maputo, Mozambique","Durban, South Africa; Nairobi, Kenya; Harare, Zimbabwe; Windhoek, Namibia; Maseru, Lesotho; Beira, Mozambique; Luanda, Angola; Maputo, Mozambique; Accra, Ghana; Lilongwe, Malawi; Johannesburg, South Africa; Antananarivo, Madagascar; Porto-Novo, Benin; Libreville, Gabon; Yaounde, Cameroon; Kigali, Rwanda; Lusaka, Zambia; Abidjan, Ivory Coast; Kinshasa, DRC; Addis Ababa, Ethiopia"
33,warm,"Mexicali, Mexico","San Diego, California, USA; Tijuana, Mexico; Tucson, Arizona, USA; El Centro, California, USA; Ciudad Juarez, Mexico; Yuma, Arizona, USA; Mexicali, Mexico; La Paz, Mexico; Ensenada, Mexico; Hermosillo, Mexico; San Luis Rio Colorado, Mexico; Guaymas, Mexico; Chihuahua, Mexico; Alamogordo, New Mexico, USA; Las Vegas, Nevada, USA; Phoenix, Arizona, USA; Los Angeles, California, USA; Palm Springs, California, USA; Santa Cruz, California, USA; Rosarito, Mexico"
34,warm,"Upington, South Africa","Bloemfontein, South Africa; Kimberley, South Africa; Nelspruit, South Africa; George, South Africa; Pietermaritzburg, South Africa; Durban, South Africa; Windhoek, Namibia; Gaborone, Botswana; Harare, Zimbabwe; Johannesburg, South Africa; Maputo, Mozambique; Swakopmund, Namibia; Walvis Bay, Namibia; Luanda, Angola; Lusaka, Zambia; Maseru, Lesotho; Thohoyandou, South Africa; Tzaneen, South Africa; Polokwane, South Africa; Musina"
35,warm,"Ndola, Zambia","Johannesburg, South Africa; Harare, Zimbabwe; Lusaka, Zambia; Gaborone, Botswana; Maputo, Mozambique; Windhoek, Namibia; Addis Ababa, Ethiopia; Kigali, Rwanda; Blantyre, Malawi; Durban, South Africa; Maseru, Lesotho; Port Elizabeth, South Africa; Luanda, Angola; Accra, Ghana; Dar es Salaam, Tanzania; Mombasa, Kenya; Abidjan, Ivory Coast; Accra, Togo; Ouagadougou, Burkina Faso; Bamako, Mali"
36,warm,"Manila, Philippines","Palembang, Indonesia; Kuala Lumpur, Malaysia; Hanoi, Vietnam; Bangkok, Thailand; Cebu City, Philippines; Ho Chi Minh City, Vietnam; Guangzhou, China; Singapore, Singapore; Yangon, Myanmar; Surabaya, Indonesia; Jakarta, Indonesia; Muan, South Korea; Pattaya, Thailand; Phnom Penh, Cambodia; Haiphong, Vietnam; Sihanoukville, Cambodia; Bandar Seri Begawan, Brunei; Taipei, Taiwan; Hong Kong, China; Macau, China"
37,warm,"Belize City, Belize","Cancun, Mexico; Havana, Cuba; San Juan, Puerto Rico; Nassau, Bahamas; Montego Bay, Jamaica; Grand Cayman, Cayman Islands; Acapulco, Mexico; Roatan, Honduras; Aruba; San Salvador, El Salvador; Panama City, Panama; Punta Cana, Dominican Republic; San Andres, Colombia; Cozumel, Mexico; St; Thomas, U.S; Virgin Islands; Barbados; Providenciales, Turks and Caicos; St; John, U.S; Virgin Islands; San Jose, Costa Rica; Key West, Florida, USA"
38,warm,"Tampa, United States","Orlando, United States ; Miami, United States ; Clearwater, United States ; Sanibel, United States ; St; Petersburg, United States ; Naples, United States ; Key West, United States ; Fort Myers, United States ; Veracruz, Mexico ; Mazatlán, Mexico ; Cancún, Mexico ; Playa del Carmen, Mexico ; Montego Bay, Jamaica ; Nassau, Bahamas ; Saint Martin, Caribbean ; San Juan, Puerto Rico ; Barbados, Caribbean ; Havana, Cuba ; Belize City, Belize ; San Salvador, El Salvador"
39,cold,"Calgary, Canada","Edmonton, Canada; Vancouver, Canada; Seattle, USA; Portland, USA; Spokane, USA; Boise, USA; Billings, USA; Missoula, USA; Helena, USA; Fargo, USA; Winnipeg, Canada; Salt Lake City, USA; Regina, Canada; Great Falls, USA; Medford, USA; Redding, USA; Duluth, USA; Rapid City, USA; Casper, USA; Sioux Falls, USA"
40,cold,"Halifax, Canada","Reykjavik, Iceland; Belfast, Northern Ireland; Glasgow, Scotland; St; John’s, Newfoundland and Labrador; Montreal, Quebec; Portland, Maine; Quebec City, Quebec; Vancouver, British Columbia; Edinburgh, Scotland; Dublin, Ireland; Seattle, Washington; Aberdeen, Scotland; St; Petersburg, Russia; Oslo, Norway; Stockholm, Sweden; Copenhagen, Denmark; Halifax, Nova Scotia; London, England; Warsaw, Poland; Berlin, Germany"
41,cold,"Ottawa, Canada","Toronto, Canada; Montreal, Canada; Quebec City, Canada; Halifax, Canada; Boston, USA; Portland, USA; Buffalo, USA; Chicago, USA; Minneapolis, USA; St; Louis, USA; Pittsburgh, USA; Philadelphia, USA; Syracuse, USA; Albany, USA; Detroit, USA; Cleveland, USA; London, UK; Edinburgh, UK; Glasgow, UK; Dublin, Ireland"
42,cold,"Saskatoon, Canada","Regina, Canada; Calgary, Canada; Edmonton, Canada; Winnipeg, Canada; Minneapolis, USA; Omaha, USA; Fargo, USA; Des Moines, USA; Kansas City, USA; St; Louis, USA; Helena, USA; Billings, USA; Boise, USA; Spokane, USA; Seattle, USA; Portland, USA; Salt Lake City, USA; Denver, USA; Cheyenne, USA; Rapid City, USA"
43,cold,"Toronto, Canada","Vancouver, Canada; Seattle, USA; Portland, USA; Calgary, Canada; San Francisco, USA; New York City, USA; Boston, USA; Washington DC, USA; Montreal, Canada; Chicago, USA; Philadelphia, USA; Miami, USA; Los Angeles, USA; San Diego, USA; Honolulu, USA; Anchorage, USA; Atlanta, USA; Detroit, USA; St; Louis, USA; Minneapolis, USA"
44,cold,"Anchorage, United States","Reykjavik, Iceland; Fairbanks, Alaska; Ulaanbaatar, Mongolia; Tromso, Norway; Murmansk, Russia; Helsinki, Finland; Yellowknife, Canada; Kangerlussuaq, Greenland; Novosibirsk, Russia; Yakutsk, Russia; Oulu, Finland; Magadan, Russia; Petropavlovsk-Kamchatsky, Russia; Nuuk, Greenland; Iqaluit, Canada; Vladivostok, Russia; Khabarovsk, Russia; Churchill, Canada; Akureyri, Iceland; Longyearbyen, Norway"
45,cold,"Chicago, United States","Seattle, Washington; Minneapolis, Minnesota; Toronto, Canada; Detroit, Michigan; Cleveland, Ohio; Milwaukee, Wisconsin; St; Louis, Missouri; Kansas City, Missouri; Boston, Massachusetts; Pittsburgh, Pennsylvania; Indianapolis, Indiana; Cincinnati, Ohio; Omaha, Nebraska; Madison, Wisconsin; Iowa City, Iowa; Buffalo, New York; Rochester, New York; Providence, Rhode Island; Hartford, Connecticut; Grand Rapids, Michigan"
46,cold,"Fairbanks, United States","Anchorage, United States ; Reykjavik, Iceland ; Tromso, Norway ; Whitehorse, Canada ; Murmansk, Russia ; Yakutsk, Russia ; Yellowknife, Canada ; Rovaniemi, Finland ; Oulu, Finland ; Norilsk, Russia ; Magadan, Russia ; Svalbard, Norway ; Churchill, Canada ; Akureyri, Iceland ; Umea, Sweden ; Kangerlussuaq, Greenland ; Fairbanks, Alaska, United States ; Nome, Alaska, United States ; Anchorage, Alaska, United States ; Bar"
47,cold,"Milwaukee, United States","Minneapolis, Minnesota, USA; Chicago, Illinois, USA; Madison, Wisconsin, USA; Detroit, Michigan, USA; St; Louis, Missouri, USA; Omaha, Nebraska, USA; Cleveland, Ohio, USA; Grand Rapids, Michigan, USA; Kansas City, Missouri, USA; Des Moines, Iowa, USA; Indianapolis, Indiana, USA; Cincinnati, Ohio, USA; Pittsburgh, Pennsylvania, USA; Duluth, Minnesota, USA; Rochester, New York, USA; Green Bay, Wisconsin, USA; Buffalo, New York, USA; Lansing, Michigan, USA; Toledo, Ohio, USA; Waterloo, Iowa, USA"
48,cold,"Minneapolis, United States","Winnipeg, Manitoba, Canada; Madison, Wisconsin, United States; Chicago, Illinois, United States; Omaha, Nebraska, United States; Fargo, North Dakota, United States; St; Paul, Minnesota, United States; Duluth, Minnesota, United States; Rochester, Minnesota, United States; Green Bay, Wisconsin, United States; Kansas City, Missouri, United States; Thunder Bay, Ontario, Canada; Grand Forks, North Dakota, United States; La Crosse, Wisconsin, United States; Des Moines, Iowa, United States; Sioux Falls, South Dakota, United States; Eau Claire, Wisconsin, United States; Rapid City, South Dakota, United States; Milwaukee, Wisconsin, United States"
49,cold,"Río Gallegos, Argentina","Ushuaia, Argentina; Punta Arenas, Chile; El Calafate, Argentina; San Carlos de Bariloche, Argentina; Puerto Montt, Chile; Valdivia, Chile; Coyhaique, Chile; Osorno, Chile; Pucón, Chile; Puerto Varas, Chile; Comodoro Rivadavia, Argentina; Trelew, Argentina; Puerto Natales, Chile; San Juan, Argentina; Comodoro Rivadavia, Argentina; Punta Del Este, Uruguay; Mar del Plata, Argentina; Iquique, Chile; Calama, Chile; La Serena, Chile"
50,cold,"Ushuaia, Argentina","Valdez, Alaska; Kodiak, Alaska; Seward, Alaska; Galveston, Texas; Barrow, Alaska; Reykjavik, Iceland; Tromsø, Norway; Glace Bay, Nova Scotia; Juneau, Alaska; Anchorage, Alaska; Bergen, Norway; Kilkenny, Ireland; Hamilton, New Zealand; Nuuk, Greenland; Vladivostok, Russia; Ketchikan, Alaska; Akureyri, Iceland; Yakutsk, Russia; Whitehorse, Yukon; St; John's, Newfoundland"
51,cold,"La Paz, Bolivia","Quito, Ecuador; Bogota, Colombia; Mexico City, Mexico; San José, Costa Rica; Lima, Peru; Cuzco, Peru; Sucre, Bolivia; Arequipa, Peru; Cochabamba, Bolivia; Guayaquil, Ecuador; Quetzaltenango, Guatemala; Salzburg, Austria; Innsbruck, Austria; Zurich, Switzerland; Geneva, Switzerland; Bergen, Norway; Reykjavik, Iceland; Edinburgh, Scotland; Dublin, Ireland; Belfast, Northern Ireland"
52,cold,"Punta Arenas, Chile","Ushuaia, Argentina; El Calafate, Argentina; Valdivia, Chile; San Carlos de Bariloche, Argentina; Puerto Montt, Chile; Pucón, Chile; Coyhaique, Chile; Castro, Chile; Quellón, Chile; Osorno, Chile; Puerto Natales, Chile; Ushuai, Peru; El Chalten, Argentina; Puerto Varas, Chile; Pichilemu, Chile; Ancud, Chile; Puerto Williams, Chile; Chiloé, Chile; Esquel, Argentina; San Juan de la Costa, Chile"
53,cold,"Minsk, Belarus","Kyiv, Ukraine; Tbilisi, Georgia; Odessa, Ukraine; Saint Petersburg, Russia; Yerevan, Armenia; Vilnius, Lithuania; Krakow, Poland; Riga, Latvia; Tallinn, Estonia; Prague, Czech Republic; Warsaw, Poland; Baku, Azerbaijan; Astana, Kazakhstan; Bratislava, Slovakia; Minsk, Belarus; Istanbul, Turkey; Bucharest, Romania; Lviv, Ukraine; Sofia, Bulgaria; Chisinau, Moldova"
54,cold,"Copenhagen, Denmark","Hamburg, Germany; Amsterdam, Netherlands; Stockholm, Sweden; Oslo, Norway; Berlin, Germany; Gothenburg, Sweden; Paris, France; Brussels, Belgium; Vienna, Austria; Edinburgh, Scotland; Dublin, Ireland; Reykjavík, Iceland; Helsinki, Finland; Prague, Czech Republic; Zürich, Switzerland; Madrid, Spain; Munich, Germany; Rome, Italy; Florence, Italy; Lisbon, Portugal"
55,cold,"Kuopio, Finland","Tampere, Finland; Oulu, Finland; Rovaniemi, Finland; Lappeenranta, Finland; Umeå, Sweden; Stockholm, Sweden; Helsinki, Finland; Jyväskylä, Finland; Turku, Finland; St; Petersburg, Russia; Tallinn, Estonia; Riga, Latvia; Oslo, Norway; Bergen, Norway; Tromsø, Norway; Gothenburg, Sweden; Reykjavik, Iceland; Trondheim, Norway; Amsterdam, Netherlands; Copenhagen, Denmark"
56,cold,"Reykjavík, Iceland","Bergen, Norway; Stockholm, Sweden; Helsinki, Finland; Trondheim, Norway; Tromsø, Norway; Edinburgh, Scotland; Oslo, Norway; Gothenburg, Sweden; Aberdeen, Scotland; Cork, Ireland; Dublin, Ireland; Galway, Ireland; Belfast, Northern Ireland; Anchorage, Alaska, USA; Reykjanesbær, Iceland; Keflavík, Iceland; Nuuk, Greenland; Murmansk, Russia; Rovaniemi, Finland; Tórshavn, Faroe Islands"
57,cold,"Dublin, Ireland","Glasgow, Scotland; Manchester, England; Edinburgh, Scotland; Belfast, Northern Ireland; Cork, Ireland; Galway, Ireland; York, England; Cambridge, England; Salisbury, England; Bath, England; Brighton, England; Cardiff, Wales; Leeds, England; Oxford, England; Birmingham, England; Portsmouth, England; Inverness, Scotland; Newcastle, England; Swansea, Wales; Exeter, England"
58,cold,"Bergen, Norway","Edinburgh, Scotland; Portland, Oregon, USA; Reykjavik, Iceland; Vancouver, Canada; Stockholm, Sweden; Helsinki, Finland; Cork, Ireland; Amsterdam, Netherlands; Copenhagen, Denmark; Oslo, Norway; Trondheim, Norway; Glasgow, Scotland; Gothenburg, Sweden; Aberdeen, Scotland; Galway, Ireland; Dundee, Scotland; Hamburg, Germany; Brussels, Belgium; Krakow, Poland; Tallinn, Estonia"
59,cold,"Oslo, Norway","Stockholm, Sweden; Copenhagen, Denmark; Helsinki, Finland; Bergen, Norway; Reykjavik, Iceland; Tallinn, Estonia; Vladivostok, Russia; Murmansk, Russia; Riga, Latvia; Aberdeen, Scotland; Manchester, England; Dublin, Ireland; Glasgow, Scotland; Gothenburg, Sweden; Edinburgh, Scotland; York, England; Trondheim, Norway; St; Petersburg, Russia; Warsaw, Poland; Hamburg, Germany"
60,cold,"Suwałki, Poland","Lviv, Ukraine; Kaunas, Lithuania; Gdansk, Poland; Vilnius, Lithuania; Tallinn, Estonia; Minsk, Belarus; Riga, Latvia; Kiev, Ukraine; Kaliningrad, Russia; Tbilisi, Georgia; Odessa, Ukraine; Yerevan, Armenia; Astana, Kazakhstan; Krakow, Poland; Baku, Azerbaijan; Saratov, Russia; Bratislava, Slovakia; Prague, Czech Republic; St; Petersburg, Russia; Warsaw, Poland"
61,cold,"Moscow, Russia","St; Petersburg, Russia; Zurich, Switzerland; Helsinki, Finland; Stockholm, Sweden; Copenhagen, Denmark; Vienna, Austria; Berlin, Germany; Kiev, Ukraine; Prague, Czech Republic; Riga, Latvia; Vilnius, Lithuania; Tallinn, Estonia; Minsk, Belarus; Warsaw, Poland; Irkutsk, Russia; Novosibirsk, Russia; Omsk, Russia; Samara, Russia; Saratov, Russia; Tomsk, Russia"
62,cold,"Murmansk, Russia","Saint Petersburg, Russia; Vladivostok, Russia; Yakutsk, Russia; Petropavlovsk-Kamchatsky, Russia; Magadan, Russia; Norilsk, Russia; Tromso, Norway; Rovaniemi, Finland; Anchorage, Alaska, USA; Reykjavik, Iceland; Bergen, Norway; Oslo, Norway; Helsinki, Finland; Stockholm, Sweden; Trondheim, Norway; Murmansk, Russia; Umea, Sweden; Oulu, Finland; Tromso, Norway; Aberdeen, Scotland, UK"
63,cold,"Saint Petersburg, Russia","Helsinki, Finland; Moscow, Russia; Tallinn, Estonia; Riga, Latvia; Vilnius, Lithuania; Stockholm, Sweden; Tartu, Estonia; Novgorod, Russia; Omsk, Russia; Arkhangelsk, Russia; Kaliningrad, Russia; Vyborg, Russia; Murmansk, Russia; Berlin, Germany; Hamburg, Germany; Copenhagen, Denmark; Oslo, Norway; Amsterdam, Netherlands; Warsaw, Poland; Prague, Czech Republic"
64,cold,"Zürich, Switzerland","Vienna, Austria ; Munich, Germany ; Geneva, Switzerland ; Innsbruck, Austria ; Interlaken, Switzerland ; Frankfurt, Germany ; Stuttgart, Germany ; Salzburg, Austria ; Lucerne, Switzerland ; Basel, Switzerland ; Bern, Switzerland ; Heidelberg, Germany ; Graz, Austria ; Strasbourg, France ; Bregenz, Austria ; Liechtenstein, Liechtenstein ; Karlsruhe, Germany; Koblenz, Germany ; Freiburg im Breisgau, Germany ; Lausanne, Switzerland"
65,cold,"Lviv, Ukraine","Tbilisi, Georgia; Vilnius, Lithuania; Warsaw, Poland; Bucharest, Romania; Kiev, Ukraine; Minsk, Belarus; Chisinau, Moldova; Yerevan, Armenia; Belgrade, Serbia; Sarajevo, Bosnia and Herzegovina; Istanbul, Turkey; Sofia, Bulgaria; Odessa, Ukraine; Riga, Latvia; Plovdiv, Bulgaria; Tallinn, Estonia; Krakow, Poland; Zagreb, Croatia; Bratislava, Slovakia; Skopje, Macedonia"
66,cold,"Lhasa, China","Kathmandu, Nepal; Leh, India; Shimla, India; Yushu, China; Ali, Tibet; Kargil, India; Tashkurgan, China; Gangtok, India; Gulmarg, India; Dharamsala, India; Manali, India; Nubra Valley, India; Khardung La, India; Darchula, Nepal; Phobjikha Valley, Bhutan; Dhankar, India; Likir, India; Tso Moriri, India; Pangong Tso, India; Kaza, India"
67,cold,"Ürümqi, China","Dushanbe, Tajikistan ; Ulaanbaatar, Mongolia ; Almaty, Kazakhstan ; Ürümqi, China ; Astana, Kazakhstan ; Islamabad, Pakistan ; Kabul, Afghanistan ; Tashkent, Uzbekistan ; Bishkek, Kyrgyzstan ; Ashgabat, Turkmenistan ; Yerevan, Armenia ; Yinchuan, China ; Lanzhou, China ; Zhoushan, China ; Kashgar, China ; Xining, China ; Hohhot, China ; Aksu, China ; Turpan, China"
68,cold,"Yinchuan, China","Kashgar, China; Urumqi, China; Lanzhou, China; Ordos, China; Xining, China; Lhasa, China; Baotou, China; Turpan, China; Hohhot, China; Dunhuang, China; Pyongyang, North Korea; Vladivostok, Russia; Irkutsk, Russia; Ulaanbaatar, Mongolia; Delhi, India; Islamabad, Pakistan; Astana, Kazakhstan; Baku, Azerbaijan; Tashkent, Uzbekistan; Dushanbe, Tajikistan"
69,cold,"Sapporo, Japan","Sendai, Japan; Tokyo, Japan; Hakodate, Japan; Chiang Mai, Thailand; Seoul, South Korea; Vladivostok, Russia; Kaohsiung, Taiwan; Dalian, China; Busan, South Korea; Qingdao, China; Osaka, Japan; Nagoya, Japan; Vladikavkaz, Russia; Ulan Bator, Mongolia; Harbin, China; Niigata, Japan; Chongqing, China; Changchun, China; Irkutsk, Russia; Ulaanbaatar, Mongolia"
70,cold,"Almaty, Kazakhstan","Tashkent, Uzbekistan; Bishkek, Kyrgyzstan; Ulaanbaatar, Mongolia; Dushanbe, Tajikistan; Ashgabat, Turkmenistan; Yerevan, Armenia; Dnipro, Ukraine; Sochi, Russia; Samarkand, Uzbekistan; Astana, Kazakhstan; Baku, Azerbaijan; Lviv, Ukraine; Minsk, Belarus; Tabriz, Iran; Omsk, Russia; Kazan, Russia; Ufa, Russia; Yekaterinburg, Russia; Tbilisi, Georgia; Volgograd, Russia"
71,cold,"Nur-Sultan, Kazakhstan","Ulan Bator, Mongolia; Beijing, China; Irkutsk, Russia; Vladivostok, Russia; Astana, Kazakhstan; Novosibirsk, Russia; Almaty, Kazakhstan; Ufa, Russia; Minsk, Belarus; Omsk, Russia; Tashkent, Uzbekistan; Bishkek, Kyrgyzstan; Khabarovsk, Russia; Yekaterinburg, Russia; Samara, Russia; Barnaul, Russia; Krasnoyarsk, Russia; Dushanbe, Tajikistan; Krasnodar, Russia; Tomsk, Russia"
72,cold,"Ulaanbaatar, Mongolia","Vladivostok, Russia; Harbin, China; Irkutsk, Russia; Novosibirsk, Russia; Blagoveshchensk, Russia; Yekaterinburg, Russia; Yakutsk, Russia; Beijing, China; Chita, Russia; Khabarovsk, Russia; Ulan-Ude, Russia; Astana, Kazakhstan; Shenyang, China; Tomsk, Russia; Omsk, Russia; Novokuznetsk, Russia; Krasnoyarsk, Russia; Kemerovo, Russia; Magadan, Russia; Tashkent, Uzbekistan"
73,cold,"Irkutsk, Russia","Chita, Russia; Yakutsk, Russia; Novosibirsk, Russia; Seoul, South Korea; Sapporo, Japan; Vladivostok, Russia; Osaka, Japan; Harbin, China; Ulan Bator, Mongolia; Hanoi, Vietnam; Khabarovsk, Russia; Astana, Kazakhstan; Busan, South Korea; Beijing, China; Shenyang, China; Dalian, China; Omsk, Russia; Tomsk, Russia; Pyongyang, North Korea; Ufa, Russia"
74,cold,"Novosibirsk, Russia","Ulaanbaatar, Mongolia; Irkutsk, Russia; Yekaterinburg, Russia; Vladivostok, Russia; Khabarovsk, Russia; Minsk, Belarus; Tashkent, Uzbekistan; Almaty, Kazakhstan; Astana, Kazakhstan; Bishkek, Kyrgyzstan; Omsk, Russia; Aktau, Kazakhstan; Krasnoyarsk, Russia; Chita, Russia; Ulan-Ude, Russia; Donetsk, Ukraine; Tbilisi, Georgia; Kiev, Ukraine; Riga, Latvia; Vilnius, Lithuania"
75,cold,"Vladivostok, Russia","Omsk, Russia; Irkutsk, Russia; Yakutsk, Russia; Magadan, Russia; Khabarovsk, Russia; Petropavlovsk-Kamchatsky, Russia; Yuzhno-Sakhalinsk, Russia; Harbin, China; Sapporo, Japan; Niigata, Japan; Sendai, Japan; Hiroshima, Japan; Osaka, Japan; Yokohama, Japan; Seoul, South Korea; Vladivostok, Russia; Ulan Bator, Mongolia; Seattle, USA; Portland, USA; Vancouver, Canada"
76,cold,"Yakutsk, Russia","Abakan, Russia; Norilsk, Russia; Ulan-Ude, Russia; Tomsk, Russia; Magadan, Russia; Fairbanks, Alaska, USA; Juneau, Alaska, USA; Yellowknife, Canada; Murmansk, Russia; Khatanga, Russia; Irkutsk, Russia; Umeå, Sweden; Longyearbyen, Norway; Rovaniemi, Finland; Nuuk, Greenland; Iqaluit, Canada; Chita, Russia; Krasnoyarsk, Russia; Murmansk, Russia; Yakutsk, Russia"
77,cold,"Erzurum, Turkey","Ulaanbaatar, Mongolia; Astana, Kazakhstan; Bishkek, Kyrgyzstan; Tashkent, Uzbekistan; Minsk, Belarus; Novosibirsk, Russia; Yerevan, Armenia; Almaty, Kazakhstan; Irkutsk, Russia; Omsk, Russia; Saratov, Russia; Sochi, Russia; Yekaterinburg, Russia; Khabarovsk, Russia; Samara, Russia; Ufa, Russia; Kazan, Russia; Ulan Ude, Russia; Chisinau, Moldova; Kiev, Ukraine"
